METRO,URBAN
Ahmedabad,Agra
Bengaluru,Ajmer
Delhi,Aligarh
Chennai,Amravati
Hyderabad,Amritsar
Pune,Anand
Mumbai,Asansol
Kolkata,Aurangabad
,Bareilly
,Belagavi
,Brahmapur
,Bhavnagar
,Bhiwani
,Bhopal
,Bhubaneswar
,Bikaner
,Bilaspur
,Bokaro
,Bardhaman
,Ballari
,Chandigarh
,Coimbatore
,Cuttack
,Dahod
,Dehradun
,Dombivli
,Dhanbad
,Bhilai
,Durgapur
,Erode
,Faridabad
,Ghaziabad
,Gorakhpur
,Guntur
,Gurgaon
,Guwahati
,Gwalior
,Hamirpur
,Hubbali
,Dharwad
,Indore
,Jabalpur
,Jaipur
,Jalandhar
,Jalgaon
,Jammu
,Jamshedpur
,Jhansi
,Jodhpur
,Gulbarga
,Kakinada
,Kannur
,Kanpur
,Karnal
,Kochin
,Kolhapur
,Kollam
,Kota
,Kozhikode
,Kumbakonam
,Kurnool
,Ludhiana
,Lucknow
,Madurai
,Malappuram
,Mathura
,Mangaluru
,Meerut
,Sahibzada Ajit Singh Nagar
,Moradabad
,Mysore
,Nagpur
,Nanded
,Nadiad
,Nashik
,Nellore
,Noida
,Patna
,Puducherry
,Purulia
,Prayagraj
,Raipur
,Rajkot
,Ranchi
,Rourkela
,Ratlam
,Saharanpur
,Salem
,Sangli
,Shimla
,Siliguri
,Solapur
,Srinagar
,Surat
,Thanjavur
,Thiruvananthapuram
,Thrissur
,Tiruchirappalli
,Tirunelveli
,Tiruvannamalai
,Ujjain
,Vijayapura
,Vadodara
,Varanasi
,Vasai-Virar
,Vijayawada
,Visakhapatnam
,Vellore
,Warangal