vehicle_make_model,prices
Ampere Magnus Pro,45552.0
Ampere Magnus Pro,66053.0
Ampere Magnus EX,81811.0
Ampere Primus,110117.0
Ampere REO,61993.0
Ampere Reo Elite,42999.0
Ampere Reo Elite,59993.0
Ampere V 48,40101.0
Ampere V 48,51014.0
Ampere Zeal,67478.0
Aprilia Caponord 1200 ABS,1812934.0
Aprilia Caponord 1200 ABS Travel,2001749.0
Aprilia Caponord 1200 Rally,2105281.0
Aprilia Dorsoduro 1200 ABS,1734639.0
Aprilia Dorsoduro 900,1422188.0
Aprilia Mana 850,1085000.0
Aprilia Mana 850 ABS,1446238.0
Aprilia Mana 850 GT ABS,1407035.0
Aprilia RS 660,1339000.0
Aprilia RSV4 1100 Factory,2369000.0
Aprilia RSV4 RF,2494575.0
Aprilia RSV4 RR,2234120.0
Aprilia Shiver 900,1370088.0
Aprilia SR 125,123822.0
Aprilia SR 150,75712.0
Aprilia SR 150,83669.0
Aprilia SR 150,77295.0
Aprilia SR 150,86311.0
Aprilia SR 150,95620.0
Aprilia SR 150,89181.0
Aprilia SR 150,105531.0
Aprilia SR 150,108625.0
Aprilia SR 150,114886.0
Aprilia SR150,76410.0
Aprilia SR150,73373.0
Aprilia SR 160,132720.0
Aprilia SR 160,135168.0
Aprilia SR 160,142007.0
Aprilia SRV 850 ABS ATC,1489306.0
Aprilia Storm 125,102778.0
Aprilia SXR 125,134011.0
Aprilia SXR 160,145397.0
Aprilia Tuono 660,1309000.0
Aprilia Tuono Factory,2066000.0
Aprilia Tuono V4 1100,2005753.0
Aprilia Tuono V4 1100,2136655.0
Aprilia Tuono V4 APRC,
Aprilia Tuono V4 APRC,1984677.0
Ather 340,97757.0
Ather 450,108847.0
Ather 450X Gen 3,155837.0
Ather 450X Gen 3,133955.0
Ather 450X Gen 2,140060.0
Ather 450X Gen 2,159073.0
Avan Motors Trend E,56900.0
Avan Motors Trend E,81269.0
Avan Motors Xero,55000.0
Avan Motors Xero+,47000.0
Avan Motors Xero+,66500.0
Avanturaa Choppers Pravega,2140000.0
Avanturaa Choppers Rudra,2390000.0
Bajaj Avenger,79567.0
Bajaj Avenger Street 150,82192.0
Bajaj Avenger Cruise 220,138999.0
Bajaj Avenger Street 160,112560.0
Bajaj Avenger Street 180,88607.0
Bajaj Avenger Street 220,105380.0
Bajaj Avenger Street 220,96965.0
Bajaj Boxer,
Bajaj Boxer,
Bajaj Boxer,
Bajaj Boxer,
Bajaj Boxer,
Bajaj Boxer,
Bajaj Bravo,
Bajaj Byk,
Bajaj Byk,
Bajaj Caliber,
Bajaj Caliber,
Bajaj Chetak,147982.0
Bajaj Chetak,127633.0
Bajaj Chetak,
Bajaj Chetak,
Bajaj Classic 1994,
Bajaj Ct,
Bajaj CT 100,33008.0
Bajaj CT 100,41450.0
Bajaj CT 100,33838.0
Bajaj CT 100,35472.0
Bajaj CT 100,42369.0
Bajaj CT 100,52340.0
Bajaj CT 100,46062.0
Bajaj CT 100,52628.0
Bajaj CT 100,35046.0
Bajaj CT 100,35785.0
Bajaj CT 110,59041.0
Bajaj CT 110,66897.0
Bajaj CT 125X,72155.0
Bajaj CT 125X,75355.0
Bajaj Cub,
Bajaj Discover 100,44941.0
Bajaj Discover 100,46588.0
Bajaj Discover 100,
Bajaj Discover 100 M,47128.0
Bajaj Discover 100 M,49157.0
Bajaj Discover 100 T,49672.0
Bajaj Discover 100 T,51497.0
Bajaj Discover 110,52801.0
Bajaj Discover 110,54204.0
Bajaj Discover125,51074.0
Bajaj Discover125,53104.0
Bajaj Discover 125,59142.0
Bajaj Discover 125,63091.0
Bajaj Discover125,
Bajaj Discover 125,59700.0
Bajaj Discover 125,57047.0
Bajaj Discover 125 ST,57810.0
Bajaj Discover 125T,56051.0
Bajaj Discover 125T,53107.0
Bajaj Discover 135,
Bajaj Discover 135,
Bajaj Discover 150,53411.0
Bajaj Discover 150F,63754.0
Bajaj Discover 150F,59641.0
Bajaj Discover 150S,56047.0
Bajaj Discover 150S,59977.0
Bajaj Dominar 250,177404.0
Bajaj Dominar 400,223119.0
Bajaj Dominar 400,162452.0
Bajaj Dominar 400,148018.0
Bajaj Kristal,
Bajaj Legend,
Bajaj M80,
Bajaj Discover 125 M,51748.0
Bajaj Discover 125 M,49789.0
Bajaj Platina 100,60001.0
Bajaj Platina 100,63706.0
Bajaj Platina 100,52734.0
Bajaj Platina 100,65249.0
Bajaj Platina 110,72692.0
Bajaj Platina 110,69461.0
Bajaj Platina 110,67673.0
Bajaj Platina 110,51111.0
Bajaj Priya,
Bajaj Pulsar 125,89838.0
Bajaj Pulsar 125,92179.0
Bajaj Pulsar 125,85756.0
Bajaj Pulsar 125,82712.0
Bajaj Pulsar 125,90741.0
Bajaj Pulsar 125,84834.0
Bajaj Pulsar 135 LS,64180.0
Bajaj Pulsar 150,105884.0
Bajaj Pulsar 150,113349.0
Bajaj Pulsar 150,116762.0
Bajaj Pulsar 150,
Bajaj Pulsar 180,117972.0
Bajaj Pulsar 180,85333.0
Bajaj Pulsar 180,93842.0
Bajaj Pulsar 180F,87743.0
Bajaj Pulsar 180F,96710.0
Bajaj Pulsar 180F,115080.0
Bajaj Pulsar 200,
Bajaj Pulsar 220 F,136422.0
Bajaj Pulsar 220 DTS-i,
Bajaj Pulsar 220 F,98499.0
Bajaj Pulsar 220 F,112498.0
Bajaj Pulsar 220 F,131286.0
Bajaj Pulsar 220 Fi,
Bajaj Pulsar 220S,
Bajaj Pulsar AS150,83530.0
Bajaj Pulsar AS200,97085.0
Bajaj Pulsar F250,150430.0
Bajaj Pulsar F250,144449.0
Bajaj Pulsar N160,123006.0
Bajaj Pulsar N160,129332.0
Bajaj Pulsar N250,150429.0
Bajaj Pulsar N250,144285.0
Bajaj Pulsar NS200,146826.0
Bajaj Pulsar NS200,142051.0
Bajaj Pulsar NS125,105597.0
Bajaj Pulsar NS160,135038.0
Bajaj Pulsar NS160,124606.0
Bajaj Pulsar P150,117179.0
Bajaj Pulsar P150,120181.0
Bajaj Rave,
Bajaj Pulsar RS 200,171256.0
Bajaj Saffire,
Bajaj Saffire,
Bajaj Spirit,
Bajaj Spirit,
Bajaj Sunny Spice,
Bajaj Sunny Spice,
Bajaj Super,
Bajaj V12,58954.0
Bajaj V12,60296.0
Bajaj V15,67583.0
Bajaj V15,66448.0
Bajaj Wave,
Bajaj Wind,
Bajaj Wind,
Bajaj Xcd,
Bajaj Xcd,
Bajaj Xcd,
Bajaj Xcd,
Benelli 302R BS4,317558.0
Benelli 502C,579955.0
Benelli Imperiale 400,234886.0
Benelli Leoncino 500,554876.0
Benelli Leoncino 250 BS4,250888.0
Benelli Leoncino 500 BS4,480791.0
Benelli TNT 25,190641.0
Benelli TNT 25,175973.0
Benelli TNT 300 BS4,305315.0
Benelli TNT 600GT,658854.0
Benelli TNT600i BS4,617272.0
Benelli TNT600i BS4,559832.0
Benelli TNT 899,973217.0
Benelli TNT R,1210421.0
Benelli TRK 251,298977.0
Benelli TRK 502,569881.0
Benelli TRK 502 BS4,511816.0
Benelli TRK 502X,629954.0
Benelli TRK 502X BS4,551848.0
Benling Aura,91667.0
Benling Falcon,60923.0
Benling Icon,63660.0
Benling Kriti,56781.0
BGauss A2,76060.0
BGauss B8,85384.0
BGauss C12,97999.0
BGauss D15,104536.0
BGauss D15,117610.0
BMW C 400 GT,1074904.0
BMW F650,1200433.0
BMW F750 GS,1197432.0
BMW F750 GS,1322410.0
BMW F750 GS,1342410.0
BMW F850 GS,1374909.0
BMW F850 GS,1294918.0
BMW F850 GS,1297482.0
BMW F850 GS,1442410.0
BMW F850 GS,1422410.0
BMW F 850 GS Adventure,1540000.0
BMW F900R,1076989.0
BMW F900XR,1254954.0
BMW F900XR,1093494.0
BMW F900XR,1236989.0
BMW G 310 GS,320556.0
BMW G310GS,349402.0
BMW G 310 GS,304873.0
BMW G 310 R,280939.0
BMW G 310 R,299000.0
BMW G 310 R,264877.0
BMW G310 RR,294982.0
BMW G310 RR,299975.0
BMW K1300 R,2509000.0
BMW K1300 S,2395512.0
BMW K 1600,2998414.0
BMW K 1600,3207110.0
BMW K 1600,3307110.0
BMW K 1600 B,2868937.0
BMW K1600 GT,2959070.0
BMW K1600 GTL,2630000.0
BMW K1600 GTL,2927292.0
BMW M 1000 RR,4200000.0
BMW M 1000 RR,4500000.0
BMW R1200 GS,1588395.0
BMW R1200 GS,1934825.0
BMW R1200 GS,1925804.0
BMW R1200 GS Adventure,1728395.0
BMW R1200 GS Adventure,2135325.0
BMW R1200 GS Adventure,2098395.0
BMW R1200 R,1504985.0
BMW R1200 R,1548029.0
BMW R1200 R,1564985.0
BMW R 1200 RS,1554985.0
BMW R 1200 RS,1654985.0
BMW R1200 RT,1834383.0
BMW R1200 RT,2055095.0
BMW R 1250 GS,2079745.0
BMW R 1250 GS,1685000.0
BMW R 1250 GS,2005000.0
BMW R 1250 GS Adventure,2265865.0
BMW R 1250 GS Adventure,1825000.0
BMW R 1250 GS Adventure,2195000.0
BMW R 1250 R,1595000.0
BMW R 1250 RT,2402762.0
BMW R 1250 RT,2250000.0
BMW R1300,2194500.0
BMW R1300,2090000.0
BMW R18,2590000.0
BMW R18,3150000.0
BMW R18,1989819.0
BMW R18,2254882.0
BMW R18,2400000.0
BMW R nineT,2400000.0
BMW R nineT,1902609.0
BMW R nineT,1778546.0
BMW R nineT Racer,1679228.0
BMW R Nine T Scrambler,1734700.0
BMW R Nine T Scrambler,1598275.0
BMW S 1000 R,1899809.0
BMW S 1000 R,2044809.0
BMW S 1000 R,2329781.0
BMW S 1000 R,1768546.0
BMW S 1000 R,1851088.0
BMW S 1000 R,1668907.0
BMW S 1000 RR,2028799.0
BMW S 1000 RR,2218799.0
BMW S 1000 RR,2445000.0
BMW S1000 RR,1798029.0
BMW S1000 RR,2068029.0
BMW S1000 RR,
BMW S1000 RR,
BMW S1000 RR,1850000.0
BMW S1000 RR,2095000.0
BMW S1000 RR,2295000.0
BMW S1000 RR,2169243.0
BMW S1000 RR,2395000.0
BMW S1000 RR,1979243.0
BMW S 1000 XR,2209275.0
BMW S 1000 XR,1788957.0
BMW S 1000 XR,2086012.0
Bounce Infinity E1,88484.0
Bounce Infinity E1,54443.0
CFMoto 300NK,229000.0
CFMoto 300NK,229000.0
CFMoto 650GT,559000.0
CFMoto 650GT,549000.0
CFMoto 650MT,529000.0
CFMoto 650MT,499000.0
CFMoto 650NK,429000.0
CFMoto 650NK,399000.0
Cleveland CycleWerks Ace,223561.0
Cleveland CycleWerks Misfit,249777.0
Ducati 1098 R TB,
Ducati 1198,
Ducati 1198 R,
Ducati 1198 S,
Ducati 1199 Panigale,2160015.0
Ducati 1299 Panigale,3611872.0
Ducati 1299 Panigale R Final Edition,5410291.0
Ducati 1299 Panigale S,4450947.0
Ducati 1299 Superleggera,11365274.0
Ducati 848,
Ducati 848 Evo,1657694.0
Ducati 899 Panigale,1514110.0
Ducati 899 Panigale,1479833.0
Ducati 959 Panigale,1474434.0
Ducati 959 Panigale,1496696.0
Ducati DesertX,1791000.0
Ducati Diavel,2173218.0
Ducati Diavel,1611342.0
Ducati Diavel 1260,2149000.0
Ducati Diavel 1260,2499000.0
Ducati Diavel 1260,1771324.0
Ducati Diavel 1260,1928754.0
Ducati Diavel Carbon,
Ducati Diavel Carbon,
Ducati Diavel Carbon,1972145.0
Ducati Diavel Carbon,1673314.0
Ducati Diavel Carbon,1647369.0
Ducati Diavel Titanium,3790000.0
Ducati Hypermotard 939,1114003.0
Ducati Hypermotard 939,1961482.0
Ducati Hypermotard 821,
Ducati Hypermotard 821,1048786.0
Ducati Hypermotard 821,
Ducati Hypermotard 821,
Ducati Hypermotard 950,1560000.0
Ducati Hypermotard 950,1705000.0
Ducati Hypermotard 950,1199000.0
Ducati Hypermotard SP 821,1951667.0
Ducati Hyperstrada 939,1216287.0
Ducati Hyperstrada 821,1167333.0
Ducati Monster 1100 Evo,
Ducati Monster 1200,2099291.0
Ducati Monster 1200 R,3109052.0
Ducati Monster 1200 R,3118997.0
Ducati Monster 1200 S 2018,2571141.0
Ducati Monster 1200 S 2018,2581048.0
Ducati Monster 1200 S,2802466.0
Ducati Monster 1200 S Stripe,2625667.0
Ducati Monster 20th Anniversary,
Ducati Monster 696,
Ducati Monster 795,687328.0
Ducati Monster 795,
Ducati Monster 796,919393.0
Ducati Monster 797,837430.0
Ducati Monster 797,815968.0
Ducati Monster 821,1024021.0
Ducati Monster 821,1030234.0
Ducati Monster 821 Dark,1013507.0
Ducati Monster BS6,1249000.0
Ducati Monster BS6,1206000.0
Ducati Monster Diesel,
Ducati Multistrada 1200,
Ducati Multistrada 1200,1534178.0
Ducati Multistrada 1200,2328198.0
Ducati Multistrada 1200,2718050.0
Ducati Multistrada 1200 Enduro,1885223.0
Ducati Multistrada 1200 Enduro,1875175.0
Ducati Multistrada 1200 Pikes Peak,2070115.0
Ducati Multistrada 1200 S,1745835.0
Ducati Multistrada 1260,1735330.0
Ducati Multistrada 1260,1924148.0
Ducati Multistrada 1260,2366471.0
Ducati Multistrada 1260 Enduro,1999000.0
Ducati Multistrada 950,1549000.0
Ducati Multistrada 950,1286186.0
Ducati Multistrada 950,1410000.0
Ducati Multistrada V2,1605000.0
Ducati Multistrada V2,1749000.0
Ducati Multistrada V2,1832000.0
Ducati Multistrada V4,3148000.0
Ducati Multistrada V4,2148000.0
Ducati Multistrada V4,2673000.0
Ducati Panigale R,5134288.0
Ducati Panigale V2,2026450.0
Ducati Panigale V2,2360000.0
Ducati Panigale V4,2741000.0
Ducati Panigale V4,3306000.0
Ducati Panigale V4,4099000.0
Ducati Panigale V4,2059833.0
Ducati Panigale V4,2350000.0
Ducati Panigale V4,2840000.0
Ducati Panigale V4,3607000.0
Ducati Panigale V4 R,5181703.0
Ducati Panigale V4 S,2604072.0
Ducati Scrambler 1100,1598622.0
Ducati Scrambler 1100,1340000.0
Ducati Scrambler 1100,1410000.0
Ducati Scrambler 1100,1091000.0
Ducati Scrambler 1100,1116870.0
Ducati Scrambler 1100,1176348.0
Ducati Scrambler Cafe Racer,933316.0
Ducati Scrambler Cafe Racer,982033.0
Ducati Scrambler Classic,849935.0
Ducati Scrambler Desert Sled,1259000.0
Ducati Scrambler Desert Sled,946081.0
Ducati Scrambler Desert Sled,935504.0
Ducati Scrambler Desert Sled,997033.0
Ducati Scrambler Full Throttle,849923.0
Ducati Scrambler Full Throttle,896033.0
Ducati Scrambler Icon,989000.0
Ducati Scrambler Icon,939000.0
Ducati Scrambler Icon,734369.0
Ducati Scrambler Icon,724094.0
Ducati Scrambler Icon,734368.0
Ducati Scrambler Icon,778704.0
Ducati Scrambler Mach 2.0,856468.0
Ducati Scrambler Nightshift,1169000.0
Ducati Scrambler Urban Enduro,857516.0
Ducati Scrambler Urban Motard,1199000.0
Ducati Sport Classic,
Ducati Sport Classic,
Ducati Sport Classic,
Ducati Sport Classic,
Ducati Streetfighter,2281000.0
Ducati Streetfighter,2383891.0
Ducati Streetfighter V2,1810000.0
Ducati Streetfighter V4,2215000.0
Ducati Streetfighter V4,2549000.0
Ducati SuperSport,1575000.0
Ducati SuperSport,1839000.0
Ducati SuperSport,1256835.0
Ducati SuperSport,1378674.0
Ducati XDiavel,2449000.0
Ducati XDiavel,2120000.0
Ducati XDiavel,1971291.0
Ducati XDiavel,1704690.0
Evolet Derby,49124.0
Evolet Derby,64599.0
Evolet Polo,59299.0
Evolet Polo,49699.0
Evolet Pony,52899.0
Evolet Pony,41124.0
FB Mondial HPS 300,337000.0
Gemopai Astrid Lite,92289.0
Gemopai Ryder,70821.0
Gemopai Ryder SuperMax,79999.0
Harley-Davidson 1200 Custom,1090347.0
Harley-Davidson 1200 Custom,1056582.0
Harley-Davidson 883 Roadster,762600.0
Harley-Davidson Breakout,1683739.0
Harley-Davidson CVO,
Harley-Davidson CVO Limited,5098229.0
Harley-Davidson Electra Glide,2499000.0
Harley-Davidson Fat Bob,1803062.0
Harley-Davidson Fat Bob,1361517.0
Harley-Davidson Fat Bob,1461622.0
Harley-Davidson Fat Boy,2211145.0
Harley-Davidson Fat Boy 114,2043299.0
Harley-Davidson Fat Boy,1709011.0
Harley-Davidson Fat Boy,1833051.0
Harley-Davidson Fat Boy Special,2010000.0
Harley-Davidson Fat Boy Special,1619549.0
Harley-Davidson Forty Eight,1351149.0
Harley-Davidson Forty Eight,1070797.0
Harley-Davidson Forty Eight Special,1098000.0
Harley-Davidson Forty Eight Special-2019,1098455.0
Harley-Davidson Deluxe,1888966.0
Harley-Davidson Heritage Classic,2363964.0
Harley-Davidson Heritage Classic,
Harley-Davidson Heritage Classic,1992911.0
Harley-Davidson Heritage Softail Classic,1860112.0
Harley-Davidson Iron 883,1197109.0
Harley-Davidson Iron 883,934177.0
Harley-Davidson Low Rider,1377494.0
Harley-Davidson Low Rider,1366480.0
Harley-Davidson Low Rider S,1471724.0
Harley-Davidson Night Rod,
Harley-Davidson Nightster,1499000.0
Harley-Davidson Nightster,1074434.0
Harley-Davidson PAN America 1250,1825938.0
Harley-Davidson PAN America 1250,2153807.0
Harley-Davidson Road Glide Special,3717770.0
Harley-Davidson Road Glide Special,3359150.0
Harley-Davidson Road King,2858385.0
Harley-Davidson Road King,2359041.0
Harley-Davidson Road King,2638227.0
Harley-Davidson Roadster,1108945.0
Harley-Davidson Roadster XL 883 R,
Harley-Davidson Softail,1525000.0
Harley-Davidson Softtail Fatboy,
Harley-Davidson Sportster,
Harley-Davidson Sportster S,1653993.0
Harley-Davidson Sportster XL 1200 N,
Harley-Davidson Sportster XL883 L,
Harley-Davidson Sportster XL883 R,
Harley-Davidson Sportster XR 1200X,
Harley-Davidson Street 750,469000.0
Harley-Davidson Street 750,534716.0
Harley-Davidson Street 750,547098.0
Harley-Davidson Street 750,515037.0
Harley-Davidson Street Bob,1601576.0
Harley-Davidson Street Bob,1112295.0
Harley-Davidson Street Bob,1281047.0
Harley-Davidson Street Glide,2554773.0
Harley-Davidson Street Glide Special,3417770.0
Harley-Davidson Street Glide Special,3218934.0
Harley-Davidson Street Glide Special,3061846.0
Harley-Davidson Street Rod,599000.0
Harley-Davidson Street Rod,602045.0
Harley-Davidson Super Glide Custom,1217131.0
Harley-Davidson SuperLow,595998.0
Harley-Davidson Ultra Classic Electra Glide,3685132.0
Harley-Davidson V Rod,2218288.0
Harley-Davidson V Rod,
Harley-Davidson XR1200X,1210567.0
Hero Achiever 150,69576.0
Hero Achiever 150,67612.0
Hero Achiever 150,63997.0
Hero Ambition,
Hero CBZ,
Hero CBZ,
Hero CD Dawn,
Hero CD Deluxe,
Hero CD Deluxe,
Hero HF Dawn,40274.0
Hero Destini 125,61173.0
Hero Destini 125,58048.0
Hero Destini 125,72660.0
Hero Destini 125,77217.0
Hero Destini 125,78331.0
Hero Destini 125,78911.0
Hero Destini 125 Xtec,73689.0
Hero Destini 125 Xtec,78546.0
Hero Destini 125 Xtec,84498.0
Hero Duet,49972.0
Hero Duet,53946.0
Hero Glamour,79476.0
Hero Glamour,83464.0
Hero Glamour,81476.0
Hero Glamour,85473.0
Hero Glamour,81329.0
Hero Glamour,85366.0
Hero Glamour 125,60633.0
Hero Glamour 125,61911.0
Hero Glamour FI,68964.0
Hero Glamour FI,70894.0
Hero Glamour Xtec,86545.0
Hero Glamour Xtec,91155.0
Hero HF Dawn,38865.0
Hero HF Deluxe,65526.0
Hero HF Deluxe,60164.0
Hero HF Deluxe,67178.0
Hero HF Deluxe,55021.0
Hero HF Deluxe,66725.0
Hero HF Deluxe Eco,48596.0
Hero Hunk,71890.0
Hero Hunk,74968.0
Hero Ignitor,64252.0
Hero Ignitor,62147.0
Hero Impulse,72651.0
Hero Karizma,79656.0
Hero Karizma 2014,85312.0
Hero Karizma ZMR,108003.0
Hero Karizma ZMR,110506.0
Hero Karizma ZMR,99389.0
Hero Karizma ZMR,107423.0
Hero Maestro Edge 125,87827.0
Hero Maestro Edge 125,82804.0
Hero Maestro Edge 125,87821.0
Hero Maestro Edge 125,92433.0
Hero Maestro,50481.0
Hero Maestro,49968.0
Hero Maestro Edge 110,70900.0
Hero Maestro Edge 110,76141.0
Hero Optima,
Hero Passion Pro,73490.0
Hero Passion Pro,76320.0
Hero Passion PRO i3s,57334.0
Hero Passion PRO i3s,49090.0
Hero Passion PRO i3s,54551.0
Hero Passion PRO i3s,56698.0
Hero Passion PRO i3s,50127.0
Hero Passion PRO i3s,52827.0
Hero Passion PRO TR,55144.0
Hero Passion XPro,56662.0
Hero Passion XPro,58720.0
Hero Passion XPro,59082.0
Hero Passion XPro,61839.0
Hero Passion X Pro,51001.0
Hero Passion X Pro,51944.0
Hero Passion X Pro,52978.0
Hero Passion X Pro,54460.0
Hero Passion X Pro,56433.0
Hero Passion Xtec,77691.0
Hero Passion Xtec,81463.0
Hero Pleasure +,68964.0
Hero Pleasure +,72424.0
Hero Pleasure,47117.0
Hero Pleasure,50219.0
Hero Pleasure,48297.0
Hero Pleasure + Xtec,77318.0
Hero Pleasure + Xtec,78935.0
Hero Splendor iSmart,52434.0
Hero Splendor iSmart 110,71882.0
Hero Splendor iSmart 110,74579.0
Hero Splendor iSmart,51277.0
Hero Splendor iSmart 110,56696.0
Hero Splendor NXG,43495.0
Hero Splendor NXG,45030.0
Hero Splendor NXG,46273.0
Hero Splendor NXG,47271.0
Hero Splendor Plus,71627.0
Hero Splendor Plus,72802.0
Hero Splendor Plus,72673.0
Hero Splendor Plus,73981.0
Hero Splendor Plus i3s,53283.0
Hero Splendor Plus i3s,56116.0
Hero Splendor Plus i3s,56903.0
Hero Splendor Plus Xtec,76382.0
Hero Splendor PRO,50836.0
Hero Splendor PRO,48071.0
Hero Splendor PRO,49937.0
Hero Splendor PRO,49575.0
Hero Splendor PRO,51745.0
Hero Splendor Pro Classic,51863.0
Hero Street Smart,
Hero Street Smart,
Hero Super Splendor,80140.0
Hero Super Splendor,84222.0
Hero Super Splendor,79501.0
Hero Super Splendor,83521.0
Hero Super Splendor 2018,59211.0
Hero Super Splendor 2018,60789.0
Hero Super Splendor Xtec,83435.0
Hero Super Splendor Xtec,87506.0
Hero Winner,
Hero Xoom,72656.0
Hero Xoom,75849.0
Hero Xoom,80780.0
Hero Xpulse 200,106865.0
Hero Xpulse 200,98844.0
Hero Xpulse 200,127116.0
Hero Xpulse 200 4V,137578.0
Hero Xpulse 200T,95935.0
Hero Xpulse 200T,124418.0
Hero Xpulse 200T 4V,133258.0
Hero Xtreme 160R,119448.0
Hero Xtreme 160R,122765.0
Hero Xtreme 160R,124552.0
Hero Xtreme 160R,130567.0
Hero Xtreme 200R,92884.0
Hero Xtreme 200S,135837.0
Hero Xtreme,68635.0
Hero Xtreme,71494.0
Hero Xtreme 2014,71942.0
Hero Xtreme 2014,74976.0
Hero Xtreme Sports,78483.0
Hero Xtreme Sports,80338.0
Hero Electric Atria,77767.0
Hero Electric Cruz Li,51677.0
Hero Electric Cruz Li,37179.0
Hero Electric Dash,65183.0
Hero Electric Eddy,72142.0
Hero Electric E-Sprint,43223.0
Hero Electric Flash,59594.0
Hero Electric Flash,46771.0
Hero Electric Maxi,34424.0
Hero Electric NYX,61767.0
Hero Electric NYX,64647.0
Hero Electric NYX,65653.0
Hero Electric NYX,67440.0
Hero Electric NYX HX,86490.0
Hero Electric Optima,67280.0
Hero Electric Optima,51571.0
Hero Electric Optima,39937.0
Hero Electric Optima CX,67329.0
Hero Electric Optima CX,85254.0
Hero Electric Photon,86459.0
Hero Electric Wave Dx,40330.0
Hero Electric Zion,37990.0
Hero Honda Achiever,
Hero Honda Achiever,
Hero Honda Ambition,
Hero Honda Ambition,
Hero Honda Ambition,
Hero Honda Ambition,
Hero Honda CBZ extreme,
Hero Honda CBZ extreme,
Hero Honda CBZ Gold,
Hero Honda CBZ,
Hero Honda CBZ,
Hero Honda CD100,
Hero Honda CD100SS,
Hero Honda CD Dawn,
Hero Honda CD Deluxe,
Hero Honda Dawn,
Hero Honda Glamour FI,
Hero Honda Glamour FI,
Hero Honda Glamour,
Hero Honda Glamour,
Hero Honda Glamour,
Hero Honda Glamour,
Hero Honda Glamour,
Hero Honda Glamour,
Hero Honda HF Dawn,
Hero Honda HF Deluxe,
Hero Honda Hunk,
Hero Honda Karizma,
Hero Honda Karizma ZMR,
Hero Honda Passion,
Hero Honda Passion Plus,
Hero Honda Passion Plus,
Hero Honda Passion PRO,
Hero Honda Passion X Pro,
Hero Honda Pleasure,
Hero Honda Sleek,
Hero Honda Splendor,
Hero Honda Splendor NXG,
Hero Honda Splendor Plus,
Hero Honda Splendor Plus,
Hero Honda Splendor PRO,
Hero Honda Splendor PRO,
Hero Honda Street Smart,
Hero Honda Super Splendor,
Hero Honda Super Splendor,
Hero Honda Super Splendor,
Hero Honda Super Splendor,
Hero Honda Winner,
Hero Honda Xtreme,
Vida V1,133703.0
Vida V1,146066.0
Honda Activa 125,78405.0
Honda Activa 125,82074.0
Honda Activa 125,85579.0
Honda Activa 125,62289.0
Honda Activa 125,60328.0
Honda Activa 125,64694.0
Honda Activa 125,58781.0
Honda Activa 125,63684.0
Honda Activa,49323.0
Honda Activa,
Honda Activa 3G,52309.0
Honda Activa 4G,52705.0
Honda Activa 5G,57063.0
Honda Activa 5G,58929.0
Honda Activa 5G,57708.0
Honda Activa 5G,59468.0
Honda Activa 6G,78291.0
Honda Activa 6G,81995.0
Honda Activa 6G,74187.0
Honda Activa 6G,76359.0
Honda Activa i,52991.0
Honda Activa i,48941.0
Honda Activa i,51896.0
Honda Africa Twin,1755500.0
Honda Africa Twin,1601500.0
Honda Africa Twin,1318982.0
Honda Africa Twin,1329843.0
Honda Africa Twin,1350000.0
Honda Africa Twin,1535000.0
Honda Africa Twin,1610000.0
Honda Africa Twin,1752079.0
Honda Africa Twin,1597940.0
Honda Aviator,58616.0
Honda Aviator,60552.0
Honda Aviator,62971.0
Honda Aviator,53817.0
Honda Aviator,58690.0
Honda Aviator,55260.0
Honda Aviator,59607.0
Honda Aviator,57188.0
Honda Aviator,
Honda CB1000R,366417.0
Honda CB1000R,1341699.0
Honda CB1000R+,1468532.0
Honda CB200X,148556.0
Honda CB 250N,
Honda CB300F,226217.0
Honda CB300F,229217.0
Honda CB300R,277332.0
Honda CB300R,241001.0
Honda CB350RS,214856.0
Honda CB350RS,217857.0
Honda CB350RS,217857.0
Honda CB350RS,
Honda CB350RS,
Honda CB 400,
Honda CB500X,580630.0
Honda CB650R,914337.0
Honda CBF Stunner,59038.0
Honda CBF Stunner,70991.0
Honda CBF Stunner,60683.0
Honda CBF Stunner,
Honda CB Hornet 160R,82405.0
Honda CB Hornet 160R,86814.0
Honda CB Hornet 160R,93761.0
Honda CB Hornet 160R,96262.0
Honda CB Hornet 160R,87101.0
Honda CB Hornet 160R,91729.0
Honda CB Hornet 160R,82500.0
Honda CB Hornet 160R,87013.0
Honda CBR1000RR-R Fireblade,2372222.0
Honda CBR1000RR-R Fireblade,2423651.0
Honda CBR1000RR Fireblade,1639085.0
Honda CBR1000RR Fireblade,2054339.0
Honda CBR1000RR Fireblade,1581345.0
Honda CBR1000RR Fireblade,1912945.0
Honda CBR1000RR Fireblade,1606873.0
Honda CBR150 R,123656.0
Honda CBR150 R,126996.0
Honda CBR-250R,165522.0
Honda CBR-250R,155655.0
Honda CBR-250R,194613.0
Honda CBR-250R,182447.0
Honda CBR-250R,167693.0
Honda CBR250R,166572.0
Honda CBR250R,197321.0
Honda CBR-250R,196569.0
Honda CBR 400RR,
Honda CBR 600F2,
Honda CBR 600RR,
Honda CBR650F,709543.0
Honda CBR 650R,934817.0
Honda CBR 650R,770000.0
Honda CBR 900RR,
Honda CBR 954RR,
Honda CBR Fireblade,
Honda CB Shine SP,66571.0
Honda CB Shine SP,64613.0
Honda CB Shine SP,62180.0
Honda CB Shine SP,64160.0
Honda CB Shine SP,66620.0
Honda CB Shine SP,69916.0
Honda CB Shine SP,66376.0
Honda CB Shine SP,62251.0
Honda CB Shine SP,64760.0
Honda CB Shine SP,66768.0
Honda CB Trigger,70871.0
Honda CB Trigger,73947.0
Honda CB Trigger,80618.0
Honda CB Twister,47095.0
Honda CB Twister,52027.0
Honda CB Twister,54957.0
Honda CB Unicorn,67012.0
Honda CB Unicorn,
Honda CB Unicorn,
Honda CB Unicorn 150,82002.0
Honda CB Unicorn 150,73643.0
Honda CB Unicorn 160,79294.0
Honda CB Unicorn 160,76841.0
Honda CB Unicorn 160,75722.0
Honda CB Unicorn 160,78871.0
Honda CB Unicorn Dazzler,69089.0
Honda CB Unicorn Dazzler,70125.0
Honda CBX,
Honda Cliq,46692.0
Honda Cliq,47866.0
Honda CR,
Honda CRM,
Honda Dio,73102.0
Honda Dio,78599.0
Honda Dio,71508.0
Honda Dio,75263.0
Honda CD 110 Dream,71310.0
Honda Dream Neo,52361.0
Honda Dream Neo,43975.0
Honda Dream Neo,46798.0
Honda Dream Neo,52935.0
Honda Dream Yuga,46747.0
Honda Dream Yuga,48255.0
Honda Dream Yuga,55279.0
Honda Dream Yuga,57457.0
Honda Eterno,
Honda VT 1300CX,1404221.0
Honda Goldwing,3988635.0
Honda Gold Wing,2691386.0
Honda Gold Wing,2808688.0
Honda Goldwing,2804278.0
Honda Goldwing,3783872.0
Honda Goldwing,3979585.0
Honda Gold Wing GL1800,3105583.0
Honda Gold Wing GL1800,3197247.0
Honda Grazia,82403.0
Honda Grazia,89728.0
Honda Hness CB350,209857.0
Honda Hness CB350,212856.0
Honda Hness CB350,214856.0
Honda Hness CB350,
Honda Hness CB350,
Honda Hness CB350,
Honda Hornet 2.0,136399.0
Honda Livo,75665.0
Honda Livo,79708.0
Honda Navi,46689.0
Honda Navi,48798.0
Honda Navi,44145.0
Honda NSR,
Honda S65,
Honda Shine,81030.0
Honda Shine,85030.0
Honda Shine,78008.0
Honda Shine,82166.0
Honda Shine 100,64900.0
Honda SP 125,83096.0
Honda SP 125,87150.0
Honda Super Magna,
Honda Unicorn,104991.0
Honda Valkyrie,
Honda Valkyrie,
Honda VFR,
Honda VFR,
Honda VFR,
Honda VFR1200F,1814633.0
Honda VTR100,
Honda X-Blade,120824.0
Honda X-Blade,115764.0
Honda XL,
Hop Electric LEO,81999.0
Hop Electric LEO,95999.0
Hop Electric LYF,74999.0
Hop Electric LYF,90001.0
Hop Electric OXO,164916.0
Hop Electric OXO,167147.0
Husqvarna Nuda,
Husqvarna Svartpilen 250,217996.0
Husqvarna Vitpilen 250,217376.0
Hyosung Aquila Pro650,560252.0
Hyosung Comet,
Hyosung GT250R,343014.0
Hyosung GT 650N,410050.0
Hyosung GT650R,509687.0
Hyosung Aquila GV250,323307.0
Hyosung Aquila GV250,332694.0
Hyosung ST7,613504.0
Indian Chief Bobber Dark Horse,2139925.0
Indian Chief Classic,2198122.0
Indian Chief Dark Horse,2020000.0
Indian Chief Dark Horse,2037523.0
Indian Chieftain,3418128.0
Indian Chieftain Dark Horse,3152891.0
Indian Chieftain Elite,3919650.0
Indian Chief Vintage,2639326.0
Indian FTR 1200,1598806.0
Indian FTR 1200,1798459.0
Indian Roadmaster,4176501.0
Indian Roadmaster Classic,3749462.0
Indian Roadmaster Elite,4800000.0
Indian Scout,1351374.0
Indian Scout Bobber,1277638.0
Indian Scout Sixty,1209228.0
Indian Springfield,3338247.0
Indian Super Chief Limited,2282155.0
iVOOMi City,81499.0
iVOOMi Eco,71999.0
iVOOMi Eco,81999.0
iVOOMi Jeet,79999.0
iVOOMi Jeet,94999.0
iVOOMi Jeet X,99999.0
iVOOMi S1,84999.0
iVOOMi S1,69999.0
iVOOMi S1,121000.0
Jawa 42,174573.0
Jawa 42,183515.0
Jawa 42,196486.0
Jawa 42 Bobber,211234.0
Jawa 42 Bobber,211277.0
Jawa 42 Bobber,211330.0
Jawa Perak,211368.0
Jawa Standard,183648.0
Jawa Standard,192590.0
Jawa Standard,198563.0
Joy e-bike Gen Nxt,74148.0
Joy e-bike Glob,76200.0
Joy e-bike Honeybee,42200.0
Joy e-bike Mihos,149000.0
Joy e-bike Monster,100500.0
Joy e-bike Wolf,78414.0
Kawasaki Eliminator,
Kawasaki ER-6n,498072.0
Kawasaki GPZ 900R,
Kawasaki KLX 110,299893.0
Kawasaki KLX 140G,407003.0
Kawasaki KLX 140G,406598.0
Kawasaki KLX 450R,849405.0
Kawasaki KLX450R,899000.0
Kawasaki KLX450R,849000.0
Kawasaki KX100F,488200.0
Kawasaki KX250,799000.0
Kawasaki KX250,799527.0
Kawasaki KX250F,743405.0
Kawasaki KX250F,723216.0
Kawasaki KX250F,743815.0
Kawasaki KX450,859543.0
Kawasaki KX450F,779405.0
Kawasaki KX450F,780065.0
Kawasaki Ninja 1000,1209967.0
Kawasaki Ninja 1000,1291481.0
Kawasaki Ninja 1000,998935.0
Kawasaki Ninja 1000,1027856.0
Kawasaki Ninja 1000,1101451.0
Kawasaki Ninja 250R,317934.0
Kawasaki Ninja 300,340000.0
Kawasaki Ninja 300,360937.0
Kawasaki Ninja 300,298000.0
Kawasaki Ninja 300,319912.0
Kawasaki Ninja 400,513959.0
Kawasaki Ninja 400,497218.0
Kawasaki Ninja 650,712000.0
Kawasaki Ninja 650,614714.0
Kawasaki Ninja 650,597719.0
Kawasaki Ninja 650,637261.0
Kawasaki Ninja 650,695000.0
Kawasaki Ninja 650,537388.0
Kawasaki Ninja GPX400,
Kawasaki Ninja H2,4179000.0
Kawasaki Ninja H2,3491486.0
Kawasaki Ninja H2R,7990000.0
Kawasaki Ninja H2R,7548246.0
Kawasaki Ninja H2 SX,2282006.0
Kawasaki Ninja H2 SX SE,2810082.0
Kawasaki Ninja ZX-10R,1614985.0
Kawasaki Ninja ZX-10R,1600163.0
Kawasaki Ninja ZX-10R,1395694.0
Kawasaki Ninja ZX-10R,1399000.0
Kawasaki Ninja ZX-10R,1501485.0
Kawasaki Ninja ZX-10R,1599000.0
Kawasaki Ninja ZX-10RR,1700918.0
Kawasaki Ninja ZX-12R,
Kawasaki Ninja ZX-14R,1969966.0
Kawasaki Ninja ZX-14R,1716513.0
Kawasaki Ninja ZX-6,
Kawasaki Ninja ZX-6R,1049000.0
Kawasaki Ninja ZX-9R,
Kawasaki Versys 1000,1219000.0
Kawasaki Versys 1000,1319405.0
Kawasaki Versys 1000,1088429.0
Kawasaki Versys 1000,1089000.0
Kawasaki Versys 1000,1118622.0
Kawasaki Versys 1000,
Kawasaki Versys 650,753951.0
Kawasaki Versys 650,668524.0
Kawasaki Versys 650,677825.0
Kawasaki Versys 650,693961.0
Kawasaki Versys X-300,469000.0
Kawasaki Vulcan S,640000.0
Kawasaki Vulcan S,549802.0
Kawasaki Vulcan S,559838.0
Kawasaki Vulcan S,592373.0
Kawasaki W175,147000.0
Kawasaki W175,149000.0
Kawasaki W800,732773.0
Kawasaki W800,699273.0
Kawasaki Z1000,1610000.0
Kawasaki Z1000,1509788.0
Kawasaki Z250,308046.0
Kawasaki Z650,643034.0
Kawasaki Z650,585614.0
Kawasaki Z650,603522.0
Kawasaki Z650RS,692036.0
Kawasaki Z650RS,699000.0
Kawasaki Z800,768137.0
Kawasaki Z900,902000.0
Kawasaki Z900,768255.0
Kawasaki Z900,768000.0
Kawasaki Z900,769684.0
Kawasaki Z900,799000.0
Kawasaki Z900,816874.0
Kawasaki Z900,893000.0
Kawasaki Z900RS,1647000.0
Kawasaki Z900 RS,1567399.0
Kawasaki Z H2,2301733.0
Kawasaki Z H2,2721685.0
Kawasaki ZR-7,
Kawasaki ZX14R,
Kawasaki ZZR1200,
Kawasaki ZZR1400,
Keeway K300 N,265000.0
Keeway K300 N,275000.0
Keeway K300 N,285000.0
Keeway K300 R,299000.0
Keeway K300 R,310000.0
Keeway K300 R,320000.0
Keeway K-Light 250V,309001.0
Keeway Sixties 300i,320000.0
Keeway SR125,119000.0
Keeway SR250,149000.0
Keeway V302C,389000.0
Keeway V302C,399000.0
Keeway V302C,409000.0
Keeway Vieste 300,320000.0
KTM 125 Duke,176911.0
KTM 125 Duke,132426.0
KTM 125 Duke,142391.0
KTM 125 Duke,171586.0
KTM 200 Duke,151330.0
KTM 200 Duke,162172.0
KTM 200 Duke,186520.0
KTM 250 Adventure,242947.0
KTM 250 Adventure,232967.0
KTM 250 Duke,180393.0
KTM 250 Duke,197247.0
KTM 250 Duke,230021.0
KTM 390 Adventure,337353.0
KTM 390 Adventure,328862.0
KTM 390 Duke,246725.0
KTM 390 Duke,288940.0
KTM 200 Duke,190818.0
KTM 250 Duke,236067.0
KTM 390 Duke,295161.0
KTM 390 Duke ABS,200215.0
KTM 790 Duke,863558.0
KTM RC 125,187387.0
KTM RC 125,148553.0
KTM RC 125,180425.0
KTM RC 200,214694.0
KTM RC 200,213889.0
KTM RC 200,179193.0
KTM RC 200,190880.0
KTM RC 200,173453.0
KTM RC 200,208924.0
KTM RC 390,316163.0
KTM RC 390,314218.0
KTM RC390,219618.0
KTM RC 390,243193.0
KTM RC 390,278439.0
LML Adreno Fx,
LML Adreno Fx,
LML Beamer,
LML Beamer,
LML Energy Fx,
LML Freedom,
LML Freedom DLX,
LML Freedom DX,49021.0
LML Freedom LS,49557.0
LML Freedom SP,
LML Freedom Topper,
LML Graptor,
LML Prima 110,
LML Prima 125,
LML Prima 125,
LML Prithvi,
LML Pulse,
LML Pulse,
LML Select II,
LML Select II,
LML Supremo,
LML Supremo,
LML Trendy,
Mahindra Centuro,55557.0
Mahindra Centuro,50507.0
Mahindra Centuro,44790.0
Mahindra Centuro,51474.0
Mahindra Centuro,56507.0
Mahindra Duro,48695.0
Mahindra Duro,44031.0
Mahindra Flyte,43225.0
Mahindra Gusto,56415.0
Mahindra Gusto,53093.0
Mahindra Gusto,57419.0
Mahindra Gusto,52224.0
Mahindra Gusto,51767.0
Mahindra Gusto,56180.0
Mahindra Gusto,52420.0
Mahindra Gusto 125,59989.0
Mahindra Gusto 125,58924.0
Mahindra Gusto 125,54283.0
Mahindra Kine,34153.0
Mahindra Centuro Mirzya,47928.0
Mahindra Mojo,200458.0
Mahindra Mojo,206441.0
Mahindra Mojo,211562.0
Mahindra Mojo,211562.0
Mahindra Mojo UT300,157031.0
Mahindra Mojo XT300,190975.0
Mahindra Pantero,44191.0
Mahindra Pantero,43280.0
Mahindra Pantero,40681.0
Mahindra Pantero,41581.0
Mahindra Rodeo,49138.0
Mahindra Rodeo,48237.0
Mahindra Rodeo,51663.0
Mahindra Stalio,
Matter AERA,143999.0
Matter AERA,153999.0
Moto Guzzi Audace,2274606.0
Moto Guzzi Bellagio,1712941.0
Moto Guzzi Bellagio,1697845.0
Moto Guzzi Bellagio Black Eagle,1697845.0
Moto Guzzi V9 Bobber,1416777.0
Moto Guzzi California 1400,2188126.0
Moto Guzzi California 1400,2381941.0
Moto Guzzi California 1400 ABS Tour Full,2392281.0
Moto Guzzi Eldorado,2319661.0
Moto Guzzi Griso 1200 8V SE,1744670.0
Moto Guzzi MGX-21,2902130.0
Moto Guzzi V9 Roamer,1418622.0
Moto Guzzi Sports 8V,1856861.0
Moto Guzzi Sports 8V,1874976.0
Moto Guzzi Sports 8V Corsa,1874976.0
Moto Guzzi V85,1264000.0
Moto Guzzi V85 TT,1540000.0
MV Agusta Brutale 1090,2093935.0
MV Agusta Brutale 1090 RR,2572762.0
MV Agusta Brutale 800,1559999.0
MV Agusta Brutale 800 RR,1899000.0
MV Agusta Dragster 800 RR,1873000.0
MV Agusta Dragster 800 RR,1873000.0
MV Agusta Dragster 800 RR,2150000.0
MV Agusta F3 800,1782655.0
MV Agusta F4,2783253.0
MV Agusta F4 RC,5087520.0
MV Agusta F4 RR,3653380.0
MV Agusta Turismo Veloce 800,1899000.0
Norton Commando 961,2099000.0
Norton Dominator,2370000.0
Odysse E2Go,59750.0
Odysse E2Go,71100.0
Odysse Evoqis,171250.0
Odysse Hawk,99400.0
Odysse Hawk,117950.0
Odysse Racer,85000.0
Odysse Trot,99999.0
Okaya ClassIQ,74500.0
Okaya Faast,113992.0
Okaya Faast F2B,90002.0
Okaya Faast F2F,83999.0
Okaya Faast F2T,85005.0
Okaya Faast F3,99999.0
Okaya Freedum,74900.0
Okinawa Dual 100,80004.0
Okinawa i-Praise,121681.0
Okinawa Lite,67124.0
Okinawa OKHI-90,171934.0
Okinawa Praise,88784.0
Okinawa R30,61580.0
Okinawa Raise,39990.0
Okinawa Ridge,47258.0
Okinawa Ridge,51852.0
Okinawa Ridge 100,74893.0
Okinawa Ridge Plus,67039.0
OLA S1,84850.0
OLA S1,94867.0
OLA S1 Air,84999.0
OLA S1 Air,99999.0
OLA S1 Air,109999.0
OLA S1 Pro,103896.0
PURE EV EcoDryft,114999.0
PURE EV EPluto,74907.0
PURE EV EPluto 7G,86775.0
PURE EV ETrance,54841.0
PURE EV ETrance Neo,81958.0
PURE EV Etryst-350,149999.0
QJ Motor SRC 250,199000.0
QJ Motor SRC 250,210000.0
QJ Motor SRC 500,269000.0
QJ Motor SRC 500,279000.0
QJ Motor SRK 400,359000.0
QJ Motor SRK 400,369000.0
QJ Motor SRV 300,349000.0
QJ Motor SRV 300,359000.0
Revolt RV 300,109242.0
Revolt RV 400,135243.0
Royal Enfield Bullet 350,150893.0
Royal Enfield Bullet 350,157392.0
Royal Enfield Bullet 350,166044.0
Royal Enfield Bullet 350,
Royal Enfield Bullet 500,168312.0
Royal Enfield Bullet 500,173633.0
Royal Enfield Bullet 500,188659.0
Royal Enfield Bullet Trials 350,162876.0
Royal Enfield Bullet Trials 500,207088.0
Royal Enfield Classic Chrome,196788.0
Royal Enfield Classic Chrome,212351.0
Royal Enfield Classic Chrome,188862.0
Royal Enfield Classic 350,192890.0
Royal Enfield Classic 350,198835.0
Royal Enfield Classic 350,190228.0
Royal Enfield Classic 350,221130.0
Royal Enfield Classic 350,217588.0
Royal Enfield Classic 350,210552.0
Royal Enfield Classic 350,138644.0
Royal Enfield Classic 350,138644.0
Royal Enfield Classic 350,147709.0
Royal Enfield Classic 350,153708.0
Royal Enfield Classic 350,153728.0
Royal Enfield Classic 350,145816.0
Royal Enfield Classic 350,183303.0
Royal Enfield Classic 350,185287.0
Royal Enfield Classic 350,201250.0
Royal Enfield Classic 350,194242.0
Royal Enfield Classic 350,174782.0
Royal Enfield Classic 350,197874.0
Royal Enfield Classic 350,199328.0
Royal Enfield Classic 500,150800.0
Royal Enfield Classic 500,157788.0
Royal Enfield Classic 500,178338.0
Royal Enfield Classic 500,185272.0
Royal Enfield Classic 500,201626.0
Royal Enfield Classic 500 Pegasus,217000.0
Royal Enfield Classic Desert Storm,188115.0
Royal Enfield Classic Desert Storm,204508.0
Royal Enfield Classic Desert Storm,181306.0
Royal Enfield Classic Gunmetal Grey,148069.0
Royal Enfield Classic Gunmetal Grey,147366.0
Royal Enfield Classic Gunmetal Grey,155485.0
Royal Enfield Classic Squadron Blue,181326.0
Royal Enfield Classic Squadron Blue,188116.0
Royal Enfield Classic Squadron Blue,204508.0
Royal Enfield Classic Stealth Black,188115.0
Royal Enfield Classic Stealth Black,204515.0
Royal Enfield Continental GT 650,319000.0
Royal Enfield Continental GT 650,304911.0
Royal Enfield Continental GT 650,313322.0
Royal Enfield Continental GT 650,330722.0
Royal Enfield Continental GT [2013 - 2018],202382.0
Royal Enfield Crusader,
Royal Enfield Electra,
Royal Enfield Electra,
Royal Enfield Electra,
Royal Enfield Electra 4 S,
Royal Enfield Electra 4 S,
Royal Enfield Electra 5 S,
Royal Enfield Electra 5 S,
Royal Enfield Electra 5 S,
Royal Enfield Electra 5 S,
Royal Enfield Electra Twinspark,
Royal Enfield Himalayan,222400.0
Royal Enfield Himalayan,223900.0
Royal Enfield Himalayan,223900.0
Royal Enfield Himalayan,215869.0
Royal Enfield Himalayan,218468.0
Royal Enfield Himalayan,221994.0
Royal Enfield Hunter 350,166520.0
Royal Enfield Hunter 350,149900.0
Royal Enfield Hunter 350,171196.0
Royal Enfield Interceptor 650,303000.0
Royal Enfield Interceptor 650,288107.0
Royal Enfield Interceptor 650,296519.0
Royal Enfield Interceptor 650,313842.0
Royal Enfield Lightning,
Royal Enfield Machismo,
Royal Enfield Machismo,
Royal Enfield Meteor 350,200926.0
Royal Enfield Meteor 350,206890.0
Royal Enfield Meteor 350,217344.0
Royal Enfield Mini Bullet,
Royal Enfield Scram 411,202924.0
Royal Enfield Scram 411,204921.0
Royal Enfield Scram 411,208593.0
Royal Enfield Classic Signals,163839.0
Royal Enfield Super Meteor 650,363900.0
Royal Enfield Super Meteor 650,378900.0
Royal Enfield Super Meteor 650,348900.0
Royal Enfield Superstar,
Royal Enfield Thunderbird 350,149701.0
Royal Enfield Thunderbird 350,156496.0
Royal Enfield Thunderbird 350,
Royal Enfield Thunderbird 350,
Royal Enfield Thunderbird 350X,156913.0
Royal Enfield Thunderbird 350X,163842.0
Royal Enfield Thunderbird 500,190701.0
Royal Enfield Thunderbird 500,206747.0
Royal Enfield Thunderbird 500X,198798.0
Royal Enfield Thunderbird 500X,214241.0
Royal Enfield Thunderbird Twinspark,129865.0
Suzuki Access 125,81713.0
Suzuki Access 125,85414.0
Suzuki Access 125,87138.0
Suzuki Access 125,91815.0
Suzuki Access 125,51673.0
Suzuki Avenis 125,94412.0
Suzuki Avenis 125,94614.0
Suzuki Avenis 125,91527.0
Suzuki AX 100,
Suzuki Bandit,1086540.0
Suzuki Burgman Street 125,114767.0
Suzuki Burgman Street 125,95315.0
Suzuki Burgman Street 125,99314.0
Suzuki DR-Z50,259963.0
Suzuki DS80,
Suzuki Fiero,
Suzuki Gixxer,142769.0
Suzuki Gixxer,130724.0
Suzuki Gixxer,83222.0
Suzuki Gixxer,83728.0
Suzuki Gixxer,90660.0
Suzuki Gixxer,90863.0
Suzuki Gixxer,78994.0
Suzuki Gixxer,80875.0
Suzuki Gixxer 250,197503.0
Suzuki Gixxer 250,177982.0
Suzuki Gixxer SF,147802.0
Suzuki Gixxer SF,135708.0
Suzuki Gixxer SF,92291.0
Suzuki Gixxer SF,92341.0
Suzuki Gixxer SF,92341.0
Suzuki Gixxer SF,99207.0
Suzuki Gixxer SF,88302.0
Suzuki Gixxer SF,87597.0
Suzuki Gixxer SF 250,204551.0
Suzuki Gixxer SF 250,188747.0
Suzuki Gixxer SF 250,189487.0
Suzuki Gixxer SF Fi,94819.0
Suzuki Gixxer SF Fi,103079.0
Suzuki Gixxer SF Fi,103061.0
Suzuki GS,
Suzuki GS150R,71009.0
Suzuki GSX-R1000,1902012.0
Suzuki GSX-R1000,1984732.0
Suzuki GSX-R1000,1609438.0
Suzuki GSX-R1000,
Suzuki GSX-R1000,
Suzuki GSX-R1000,
Suzuki GSX R1000Z,1572121.0
Suzuki GSX-S1000,1252633.0
Suzuki GSX-S1000F,1298233.0
Suzuki GSX S750,752686.0
Suzuki GSX-S750,748022.0
Suzuki Hayabusa,1648831.0
Suzuki Hayabusa,1366873.0
Suzuki Hayabusa,1380884.0
Suzuki Hayabusa,1374941.0
Suzuki Hayabusa Limited Edition,1521407.0
Suzuki Hayate EP,55385.0
Suzuki Hayate,42751.0
Suzuki Hayate,46547.0
Suzuki Heat,
Suzuki Heat,
Suzuki Inazuma 250,216498.0
Suzuki Intruder 150,103614.0
Suzuki Intruder 150,104213.0
Suzuki Intruder 150,128814.0
Suzuki Intruder 150 Fi,113654.0
Suzuki Intruder 150 Fi,111091.0
Suzuki Intruder M1800R,1634221.0
Suzuki Intruder M1800R,1684487.0
Suzuki Katana,1366892.0
Suzuki Katana,
Suzuki Lets,49691.0
Suzuki Lets,51554.0
Suzuki M1800RZ,1550000.0
Suzuki M800,1014976.0
Suzuki MAX100,
Suzuki RM-Z250,715693.0
Suzuki RM-Z450,836849.0
Suzuki Samurai,
Suzuki Shaolin,
Suzuki Shogun,
Suzuki SlingShot Plus,52665.0
Suzuki SlingShot Plus,56724.0
Suzuki SlingShot,
Suzuki SlingShot,
Suzuki SlingShot,
Suzuki SlingShot,
Suzuki SlingShot,
Suzuki SlingShot,
Suzuki Swish 125 facelift,54962.0
Suzuki Swish,50036.0
Suzuki TC90,
Suzuki V-Strom 1000,1416691.0
Suzuki V-Strom 650 XT,892801.0
Suzuki V-Strom 650 XT,745640.0
Suzuki V-Strom 650 XT,755161.0
Suzuki V-Strom SX,213896.0
Suzuki Zeus,
Suzuki Zeus CD,
Suzuki Zeus DU,
Suzuki Zeus DU,
Suzuki Zeus EU,
SWM Superdual T,650000.0
Techo Electra Emerge,68286.0
Techo Electra Neo,41919.0
Techo Electra Raptor,57893.0
Tork Kratos,131070.0
Tork Kratos,165647.0
Triumph 2016 Thruxton,743678.0
Triumph Bonneville,678339.0
Triumph Bonneville Bobber,1235000.0
Triumph Bonneville Bobber,1285000.0
Triumph Bonneville Bobber,1031962.0
Triumph Bonneville Bobber,1235057.0
Triumph Bonneville Bobber,1285000.0
Triumph Bonneville Speedmaster,1235000.0
Triumph Bonneville Speedmaster,1285000.0
Triumph Bonneville Speedmaster,1134610.0
Triumph Bonneville Speedmaster,1133768.0
Triumph Bonneville Speedmaster,1235057.0
Triumph Bonneville Speedmaster,1285000.0
Triumph Bonneville T100,999000.0
Triumph Bonneville T100,1004000.0
Triumph Bonneville T100,700216.0
Triumph Bonneville T100,888857.0
Triumph Bonneville T100,887467.0
Triumph Bonneville T100,887400.0
Triumph Bonneville T100,942289.0
Triumph Bonneville T100,1018412.0
Triumph Bonneville T120,1139000.0
Triumph Bonneville T120,1139000.0
Triumph Bonneville T120,1189000.0
Triumph Bonneville T120,997667.0
Triumph Bonneville T120,997600.0
Triumph Bonneville T120,998784.0
Triumph Bonneville T120,1139000.0
Triumph Bonneville T120,1139000.0
Triumph Bonneville T120,1189000.0
Triumph Bonneville T120,1189000.0
Triumph Daytona 675 ABS,1110188.0
Triumph Daytona 675R,1262269.0
Triumph Rocket 3,2080000.0
Triumph Rocket 3,2140000.0
Triumph Rocket 3,2019312.0
Triumph Rocket 3,2078974.0
Triumph Rocket III Roadster,2294732.0
Triumph Scrambler 1200,1375000.0
Triumph Scrambler 1200,1073000.0
Triumph Scrambler 900,989000.0
Triumph Scrambler 900,989006.0
Triumph Speed Triple ABS,1194215.0
Triumph Speed Triple 1200 RS,1795000.0
Triumph Speed Triple 1200 RS,1704238.0
Triumph Speed Twin,1122000.0
Triumph Speed Twin,948291.0
Triumph Speed Twin,1121412.0
Triumph Speed Twin 900,862000.0
Triumph Speed Twin 900,879006.0
Triumph Street Scrambler,995000.0
Triumph Street Scrambler,974412.0
Triumph Street Scrambler,1005000.0
Triumph Street Scrambler,889243.0
Triumph Street Scrambler,856112.0
Triumph Street Triple 765,921017.0
Triumph Street Triple 675 ABS,816599.0
Triumph Street Triple R,940743.0
Triumph Street Triple RS,1112941.0
Triumph Street Triple RS,1132536.0
Triumph Street Triple RS,1135000.0
Triumph Street Twin,806724.0
Triumph Street Twin,855000.0
Triumph Street Twin,895000.0
Triumph Street Twin,776690.0
Triumph Street Twin,745029.0
Triumph Street Twin,746134.0
Triumph Thruxton,710667.0
Triumph Thruxton R,1213004.0
Triumph Thunderbird LT,1735626.0
Triumph Thunderbird Storm,1466283.0
Triumph Tiger 900,1399865.0
Triumph Tiger 900,1464865.0
Triumph Tiger 900,1579865.0
Triumph Tiger 1200,2099000.0
Triumph Tiger 1200,2049000.0
Triumph Tiger 1200,2199000.0
Triumph Tiger 1200,1939000.0
Triumph Tiger 1200,1700080.0
Triumph Tiger 800 XC,1228704.0
Triumph Tiger 800 XCA,1516700.0
Triumph Tiger 800 XCA,1444499.0
Triumph Tiger 800 XCx,1401808.0
Triumph Tiger 800 XCx,1344741.0
Triumph Tiger 800 XR,1198275.0
Triumph Tiger 800 XR,1103821.0
Triumph Tiger 800 XRx,1337748.0
Triumph Tiger 800 XRx,1229877.0
Triumph Tiger 850 Sport,1195000.0
Triumph Tiger Explorer,1945636.0
Triumph Tiger Explorer XCx,1834500.0
Triumph Tiger Sport 660,908000.0
Triumph Trident 660,758000.0
Triumph Trident 660,752600.0
TVS Apache RTR 160,125937.0
TVS Apache RTR 160,119137.0
TVS Apache RTR 160,122637.0
TVS Apache RTR 180,131937.0
TVS Apache RTR 180,85488.0
TVS Apache RTR 180,86176.0
TVS Apache RTR 180,86235.0
TVS Apache RTR 200 4V,147218.0
TVS Apache RTR 200 4V,142235.0
TVS Apache,
TVS Apache,
TVS Apache RR310,271827.0
TVS Apache RTR 160 4V,127108.0
TVS Apache RTR 160 4V,130407.0
TVS Apache RTR 160 4V,131908.0
TVS Apache RTR 160 4V,123608.0
TVS Apache RTR 165RP,145000.0
TVS Apache RTR 180,86280.0
TVS Apache RTR 180 ABS,94888.0
TVS Centra,
TVS Champ,
TVS Excel,
TVS Fiero,
TVS Fiero,
TVS Fiero FX,
TVS Fiero FX,
TVS Flame,
TVS Flame,
TVS Heavy Duty Super XL,28324.0
TVS Heavy Duty Super XL,28575.0
TVS iQube,108741.0
TVS iQube,106850.0
TVS Jive,45534.0
TVS Jupiter,89727.0
TVS Jupiter,77804.0
TVS Jupiter,86058.0
TVS Jupiter,74863.0
TVS Jupiter,82347.0
TVS Jupiter,89180.0
TVS Jupiter 125,84578.0
TVS Jupiter 125,87204.0
TVS Jupiter 125,91519.0
TVS Jupiter Grande,60047.0
TVS Jupiter Grande,63990.0
TVS MAX4R,40405.0
TVS MAX4R,
TVS MAX4R,
TVS Max DLX,
TVS Ntorq 125,108201.0
TVS Ntorq 125,86843.0
TVS Ntorq 125,92571.0
TVS Ntorq 125,96607.0
TVS Ntorq 125,98653.0
TVS Ntorq 125,100270.0
TVS Phoenix,56595.0
TVS Phoenix,54243.0
TVS Radeon,72583.0
TVS Radeon,80534.0
TVS Radeon,76535.0
TVS Raider 125,104646.0
TVS Raider 125,91356.0
TVS Raider 125,96140.0
TVS Ronin,149001.0
TVS Ronin,156474.0
TVS Ronin,168751.0
TVS Samurai,
TVS Scooty Pep Plus,64579.0
TVS Scooty Pep Plus,67311.0
TVS Scooty Pep Plus,67276.0
TVS Scooty Pep Plus,65744.0
TVS Scooty ES,
TVS Scooty Pep DLX,
TVS Scooty Streak,45238.0
TVS Scooty Zest 110,74354.0
TVS Scooty Zest 110,75451.0
TVS Spectra,
TVS Spectra,
TVS Sport,62138.0
TVS Sport,68332.0
TVS Sport,61602.0
TVS Star City,44869.0
TVS Star City,43941.0
TVS Star City Plus,74075.0
TVS Star City Plus,75536.0
TVS Star City Plus,78730.0
TVS Star Deluxe,
TVS Streak,
TVS Victor - 2012,
TVS Victor,58844.0
TVS Victor,58993.0
TVS Victor,61003.0
TVS Victor,61959.0
TVS Victor,56063.0
TVS Victor,58289.0
TVS Victor Edge,
TVS Victor Edge,
TVS Victor GLX,
TVS Victor GLX,
TVS Victor GX,
TVS Wego,56206.0
TVS Wego,55098.0
TVS XL100 Comfort,57581.0
TVS XL100 Comfort,46456.0
TVS XL 100,31079.0
TVS XL100 Heavy Duty,55100.0
TVS XL100 Heavy Duty,50043.0
TVS XL100 Heavy Duty,47889.0
TVS XL100 Heavy Duty,57834.0
TVS XL Super,27295.0
TVS XL Super,27770.0
UM Renegade Classic,203219.0
UM Renegade Commando,185518.0
UM Renegade Commando,172830.0
UM Renegade Mojave,185526.0
UM Renegade Sports S,169098.0
UM Renegade Sports S,166135.0
Vespa 946,1171051.0
Vespa Elegante 150,157352.0
Vespa Elegante 125,92478.0
Vespa Elegante 125,104061.0
Vespa Elegante 125,126546.0
Vespa LX,68168.0
Vespa LX 125,77753.0
Vespa LX 125,111789.0
Vespa Notte,73632.0
Vespa Notte,98057.0
Vespa RED,93039.0
Vespa S,76631.0
Vespa SXL 125,132206.0
Vespa SXL 125,135735.0
Vespa SXL 125,141568.0
Vespa SXL 150,146160.0
Vespa SXL 150,149686.0
Vespa SXL 150,155364.0
Vespa Urban Club,75757.0
Vespa Urban Club,98041.0
Vespa VX 125,72481.0
Vespa VXL 125,131860.0
Vespa VXL 150,145318.0
Vespa VXL 150,154262.0
Vespa VXL 150 Anniversary Edition,97881.0
Vespa ZX 125,117509.0
Yamaha Aerox 155,143576.0
Yamaha Aerox 155,141556.0
Yamaha Alba,
Yamaha Alba,
Yamaha Alba,
Yamaha Crux,40130.0
Yamaha Crux R,
Yamaha Crux S,
Yamaha Alpha,57305.0
Yamaha Alpha,54395.0
Yamaha Alpha,57791.0
Yamaha Alpha,53864.0
Yamaha Alpha,53969.0
Yamaha Cygnus Ray ZR,57875.0
Yamaha Cygnus Ray ZR,58224.0
Yamaha Cygnus Ray ZR,59894.0
Yamaha Cygnus Ray ZR,60425.0
Yamaha Cygnus Ray ZR,55767.0
Yamaha Cygnus Ray ZR,58474.0
Yamaha Cygnus Ray ZR,59383.0
Yamaha Cygnus Ray ZR,59793.0
Yamaha Cygnus Ray ZR,55242.0
Yamaha Enticer,
Yamaha Enticer DLX,
Yamaha Fascino 125,80970.0
Yamaha Fascino 125,81969.0
Yamaha Fascino 125,89666.0
Yamaha Fascino 125,90665.0
Yamaha Fascino 125,91665.0
Yamaha Fascino 125,92465.0
Yamaha Fascino 110,56748.0
Yamaha Fascino 110,57306.0
Yamaha Fascino 110,58684.0
Yamaha Fascino 110,56620.0
Yamaha Fazer 25,143724.0
Yamaha Fazer 25,145427.0
Yamaha Fazer,80933.0
Yamaha Fazer FI V 2.0,89846.0
Yamaha Fazer Dlx,
Yamaha FZ FI,115048.0
Yamaha FZ1,1118175.0
Yamaha FZ16,77029.0
Yamaha FZ25,150634.0
Yamaha FZ25,155148.0
Yamaha FZ6,
Yamaha FZR400,
Yamaha FZR600,
Yamaha FZ S FI,121985.0
Yamaha FZ S FI,124986.0
Yamaha FZ S,75814.0
Yamaha FZS Fi V4,127987.0
Yamaha FZ S V 2.0,85347.0
Yamaha FZ S V 2.0,85387.0
Yamaha FZ S V 2.0,87061.0
Yamaha FZ S V 2.0,88579.0
Yamaha FZ S V 2.0,88579.0
Yamaha FZ S V 2.0,86064.0
Yamaha FZ V 2.0,82736.0
Yamaha FZ X,137785.0
Yamaha Gladiator,
Yamaha Gladiator,
Yamaha Gladiator,
Yamaha Gladiator,
Yamaha GTS 1000,
Yamaha Libero,
Yamaha Libero LX,
Yamaha Libero LX G-5,
Yamaha MT01,
Yamaha MT 09,1064512.0
Yamaha MT-09,1155791.0
Yamaha MT-09,1019604.0
Yamaha MT 15 V2,169404.0
Yamaha MT 15,136220.0
Yamaha MT 15,147716.0
Yamaha MT 15,148715.0
Yamaha MT 15,150777.0
Yamaha Pearl,
Yamaha PW50,
Yamaha PW80,
Yamaha YZF R1,1983531.0
Yamaha R1,
Yamaha YZF-R1,2517513.0
Yamaha R15 V4,194726.0
Yamaha R15 V4,182752.0
Yamaha R15 V4,181704.0
Yamaha R15 V4,186751.0
Yamaha YZF R15,118996.0
Yamaha YZF R15,
Yamaha R15S,163738.0
Yamaha YZF-R1M,3405896.0
Yamaha YZF-R3,332874.0
Yamaha R6,
Yamaha Ray ZR 125,84783.0
Yamaha Ray ZR 125,90480.0
Yamaha Ray ZR 125,91480.0
Yamaha Ray ZR 125,94480.0
Yamaha Ray ZR 125,95480.0
Yamaha Ray,48883.0
Yamaha Ray Z,52605.0
Yamaha Ray Z,53141.0
Yamaha RD,
Yamaha Rx,
Yamaha RX100,16000.0
Yamaha RX135,
Yamaha RXG,
Yamaha RXZ,
Yamaha RZ250,
Yamaha RZ350,
Yamaha Saluto,56794.0
Yamaha Saluto,59207.0
Yamaha Saluto,61062.0
Yamaha Saluto,62760.0
Yamaha Saluto,61836.0
Yamaha Saluto,63524.0
Yamaha Saluto,60390.0
Yamaha Saluto,62117.0
Yamaha Saluto RX,49693.0
Yamaha Saluto RX,53507.0
Yamaha Saluto RX,54489.0
Yamaha Saluto RX,52879.0
Yamaha SS 125,57508.0
Yamaha Star Warrior,
Yamaha SZ RR V 2.0,70537.0
Yamaha SZ RR V 2.0,70138.0
Yamaha SZ,
Yamaha SZ R,64265.0
Yamaha SZ-RR,64333.0
Yamaha SZ-S,62668.0
Yamaha SZ X,61020.0
Yamaha TZR250,
Yamaha Vmax,2784236.0
Yamaha V-Star,
Yamaha XJ750 Seca,
Yamaha XS2,
Yamaha YBR 110,46997.0
Yamaha YBR 125,52356.0
Yamaha YBX,
Yamaha Yd,
Yamaha YZ250,
Yamaha YZF R1,1865200.0
Yamaha YZF R15 S,117993.0
Yamaha YZF R15 V3 [2018 - 2021],133276.0
Yamaha YZF R15 V3 [2018 - 2021],130523.0
Yamaha YZF R15 V3 [2018 - 2021],149377.0
Yamaha YZF R15 V3 [2018 - 2021],142718.0
Yamaha YZF R15 V3 [2018 - 2021],143015.0
Yamaha YZF R15 V3 [2018 - 2021],158299.0
Yamaha YZF R15 V3 [2018 - 2021],160318.0
Yamaha YZF R15 V3 [2018 - 2021],159317.0
Yamaha YZF R15 V3 [2018 - 2021],158350.0
Yamaha YZF R3,351928.0
Yezdi Adventure,217136.0
Yezdi Adventure,215176.0
Yezdi Adventure,217175.0
Yezdi Roadster,206023.0
Yezdi Roadster,203203.0
Yezdi Roadster,207483.0
Yezdi Roadster,207483.0
Yezdi Roadster,211483.0
Yezdi Roadster,211483.0
Yezdi Scrambler,210368.0
Yezdi Scrambler,212175.0
Yezdi Scrambler,212175.0
Yezdi Scrambler,216175.0
Yo Drift,51094.0
Yo Edge,49086.0
Yo Electron,36888.0
Yo Electron,34762.0
Yo Electron,33701.0
Yo EXL,48465.0
Yo Spark,43749.0
Yo Style,36336.0
Yo Style,39660.0
Yo Xplor,38938.0
Zontes 350R,325000.0
Zontes 350T,347000.0
Zontes 350T,367000.0
Zontes 350X,345000.0
Zontes GK350,347000.0
